lien_image;nom;prix;id;categorie;sous-categorie;
img/1.jpeg;Jeu de 52 cartes : BICYCLE SECONDS Bleu;1,60 euro;1;carte;bicycle;
img/2.jpeg;Jeu de 52 cartes : BICYCLE SECONDS Rouge;1,60 euro;2;carte;bicycle;
img/3.jpeg;Jeu de 54 cartes : BICYCLE STANDARD Bleu;2,20 euro;3;carte;bicycle;
img/4.jpeg;Jeu de 54 cartes : BICYCLE STANDARD Rouge;2,10 euro;4;carte;bicycle;
img/5.jpeg;Jeu de 54 cartes : BICYCLE Tragic Royalty;3,80 euro;5;carte;bicycle;
img/6.jpeg;Jeu de 54 cartes Bicycle Magie : Double Face;4,50 euro;6;carte;bicycle;
img/7.jpeg;Jeu de 55 cartes : Bicycle Skull;4,40 euro;7;carte;bicycle;
img/8.jpeg;Jeu de 54 cartes : BICYCLE Club Tattoo;4,40 euro;8;carte;bicycle;
img/9.jpeg;Jeu de 54 cartes : Guardians;4,40 euro;9;carte;bicycle;
img/10.jpeg;COPAG Bleu Bridge Regular;6,90 euro;10;carte;copag;
img/11.jpeg;COPAG Rouge Bridge Regular;6,90 euro;11;carte;copag;
img/12.jpeg;COPAG Rouge Poker Jumbo;6,90 euro;12;carte;copag;
img/13.jpeg;COPAG Bleu Poker Jumbo;6,90 euro;13;carte;copag;
img/14.jpeg;COPAG Rouge Poker Regular;6,90 euro;14;carte;copag;
img/15.jpeg;COPAG Bleu Poker Regular;6,90 euro;15;carte;copag;
img/16.jpeg;Pendule d'échecs bois Foncé;39,90 euro;16;jeux;echec;
img/17.jpeg;Coffret d'Echecs en hêtre marqueterie - 29 cm;17,96 euro;17;jeux;echec;
img/18.jpeg;Jeu d'Echecs pliant de voyage - 14 cm;19,97 euro;18;jeux;echec;
img/19.jpeg;Jeu d'Echecs magnétique (19.5cm/Tiroirs);20,90 euro;19;jeux;echec;
img/20.jpeg;Jeu d'Echecs traditionnel;22,90 euro;20;jeux;echec;
img/21.jpeg;Les Jouets Libres : La Cour du Roi, jeu d'échecs - 27 cm;24,80 euro;21;jeux;echec;
img/22.jpeg;Jeu d'Echecs pliant en Bois - 29 cm;25,90 euro;22;jeux;echec;
img/23.jpeg;Jeu d'Echecs magnétique (30cm/Tiroirs);26,80 euro;23;jeux;echec;
img/24.jpeg;Coffret de Dames et Echecs en Bois - 26 cm;29,70 euro;24;jeux;echec;
img/25.jpeg;Mikado traditionnel en Bois - 18 cm;3,90 euro;25;jeux;casse-tete;
img/26.jpeg;Coffret Mikado en Bois - 25 cm;4,90 euro;26;jeux;casse-tete;
img/27.jpeg;Tangram en Bois - 12 cm;7,90 euro;27;jeux;casse-tete;
img/28.jpeg;Coffret 3 casse-têtes BAMBOU;9,20 euro;28;jeux;casse-tete;
img/29.jpeg;Mikado Grand Format en Bois - 50 cm;11,90 euro;29;jeux;casse-tete;
img/30.jpeg;Tour Infernale en Bois Colorée;19,80 euro;30;jeux;casse-tete;
img/31.jpeg;Coffret Mikado en Bois - 18 cm;19,90 euro;31;jeux;casse-tete;
img/32.jpeg;10 Casse-têtes diaboliques;27,90 euro;32;jeux;casse-tete;
img/33.jpeg;Mikado Géant en Bois - 1 m;29,90 euro;33;jeux;casse-tete;